BEGIN TRANSACTION;
CREATE TABLE IF NOT EXISTS "WORK_POSITION" (
	"id"	INTEGER,
	"id_specialty"	INTEGER,
	"description"	TEXT,
	"location"	TEXT DEFAULT NULL,
	"telework"	INTEGER,
	"total_workers"	INTEGER DEFAULT 1,
	FOREIGN KEY("id_specialty") REFERENCES "SPECIALTY"("id"),
	CONSTRAINT "WORKERS_NOT_NEGATIVE" CHECK("total_workers" > 0),
	CONSTRAINT "BOOL_TELEWORK" CHECK("telework" == true OR "telework" == false),
	PRIMARY KEY("id")
);
CREATE TABLE IF NOT EXISTS "CANDIDATE" (
	"id"	INTEGER,
	"sex"	TEXT,
	"birthday"	DATE,
	"zip_code"	INTEGER,
	"street"	TEXT,
	"street_num"	INTEGER,
	"id_work_pos"	INTEGER,
	FOREIGN KEY("id_work_pos") REFERENCES "WORK_POSITION"("id"),
	FOREIGN KEY("id") REFERENCES "USERS"("id"),
	CONSTRAINT "EMP_SEX" CHECK("sex" IN ('M', 'F')),
	PRIMARY KEY("id")
);
CREATE TABLE IF NOT EXISTS "REQUEST" (
	"id"	INTEGER,
	"application_date"	DATE,
	"desired_wage"	INTEGER,
	"job_type"	TEXT,
	"telework"	INTEGER,
	"work_experience"	TEXT,
	"id_candidate"	INTEGER,
	"id_representative"	INTEGER,
	FOREIGN KEY("id_candidate") REFERENCES "CANDIDATE"("id"),
	FOREIGN KEY("id_representative") REFERENCES "OFFICE_REPRESENTATIVE"("id"),
	CONSTRAINT "JOB_TYPE" CHECK("job_type" IN ("FULL", "PART")),
	CONSTRAINT "TELEWORK_ONLY" CHECK("telework" == true OR "telework" == false),
	PRIMARY KEY("id")
);
CREATE TABLE IF NOT EXISTS "EDUCATION" (
	"degree"	TEXT,
	"foreign_langs"	TEXT,
	"computer_skills"	TEXT,
	"misc_skills"	TEXT,
	"id_candidate"	INTEGER,
	FOREIGN KEY("id_candidate") REFERENCES "CANDIDATE"("id")
);
CREATE TABLE IF NOT EXISTS "UNIVERSITY" (
	"id"	INTEGER,
	"name"	TEXT,
	"institute"	TEXT,
	PRIMARY KEY("id")
);
CREATE TABLE IF NOT EXISTS "EDUCATION_UNIVERSITY" (
	"semesters"	INTEGER,
	"ed_start"	DATE,
	"ed_end"	DATE,
	"grade"	INTEGER,
	"id_candidate"	INTEGER,
	"id_university"	INTEGER,
	FOREIGN KEY("id_university") REFERENCES "UNIVERSITY"("id"),
	FOREIGN KEY("id_candidate") REFERENCES "EDUCATION"("id_candidate")
);
CREATE TABLE IF NOT EXISTS "CANDIDATE_SPECIALTY" (
	"id_candidate"	INTEGER,
	"id_specialty"	INTEGER,
	FOREIGN KEY("id_candidate") REFERENCES "CANDIDATE"("id"),
	FOREIGN KEY("id_specialty") REFERENCES "SPECIALTY"("id")
);
CREATE TABLE IF NOT EXISTS "CANDIDATE_COMPANY" (
	"empl_date"	DATE,
	"leave_date"	DATE,
	"work_duration"	INTEGER,
	"position_title"	TEXT,
	"position_description"	TEXT,
	"id_company"	INTEGER,
	"id_candidate"	INTEGER,
	FOREIGN KEY("id_company") REFERENCES "COMPANY"("id"),
	FOREIGN KEY("id_candidate") REFERENCES "CANDIDATE"("id")
);
CREATE TABLE IF NOT EXISTS "SPECIALTY" (
	"id"	INTEGER,
	"name"	TEXT,
	PRIMARY KEY("id")
);
CREATE TABLE IF NOT EXISTS "EMPLOYER_WORK_POSITION" (
	"id_work_position"	INTEGER,
	"id_employer"	INTEGER,
	"submission_deadline"	DATE,
	"salary"	INTEGER,
	FOREIGN KEY("id_work_position") REFERENCES "WORK_POSITION"("id"),
	FOREIGN KEY("id_employer") REFERENCES "EMPLOYER"("id")
);
CREATE TABLE IF NOT EXISTS "OFFICE_REPRESENTATIVE" (
	"id"	INTEGER,
	FOREIGN KEY("id") REFERENCES "USERS"("id"),
	PRIMARY KEY("id")
);
CREATE TABLE IF NOT EXISTS "COMPANY" (
	"id"	INTEGER,
	"name"	TEXT,
	"location"	TEXT,
	"est_date"	DATE,
	PRIMARY KEY("id")
);
CREATE TABLE IF NOT EXISTS "EMPLOYER" (
	"id"	INTEGER,
	"id_company"	INTEGER,
	FOREIGN KEY("id_company") REFERENCES "COMPANY"("id"),
	FOREIGN KEY("id") REFERENCES "USERS"("id"),
	PRIMARY KEY("id")
);
CREATE TABLE IF NOT EXISTS "EMPLOYER_OFFICE_REPRESENTATIVE" (
	"id_employer"	INTEGER,
	"id_office_representative"	INTEGER,
	FOREIGN KEY("id_office_representative") REFERENCES "OFFICE_REPRESENTATIVE"("id"),
	FOREIGN KEY("id_employer") REFERENCES "EMPLOYER"("id")
);
CREATE TABLE IF NOT EXISTS "COMPANY_OFFICE_REPRESENTATIVE" (
	"id_company"	INTEGER,
	"id_office_representative"	INTEGER,
	"total_cost"	INTEGER,
	"debit_date"	DATE,
	FOREIGN KEY("id_company") REFERENCES "COMPANY"("id"),
	FOREIGN KEY("id_office_representative") REFERENCES "OFFICE_REPRESENTATIVE"("id")
);
CREATE TABLE IF NOT EXISTS "USERS" (
	"id"	INTEGER,
	"name"	TEXT,
	"surname"	TEXT,
	"phone_num"	VARCHAR(10),
	"email"	,
	FOREIGN KEY("email") REFERENCES "LOGIN"("email"),
	FOREIGN KEY("email") REFERENCES "LOGIN"("email"),
	PRIMARY KEY("id")
);
CREATE TABLE IF NOT EXISTS "LOGIN" (
	"email"	TEXT,
	"username"	TEXT,
	"password"	TEXT,
	"id_user"	INTEGER,
	FOREIGN KEY("id_user") REFERENCES "USERS"("id"),
	PRIMARY KEY("email")
);
INSERT OR IGNORE INTO "WORK_POSITION" VALUES (1,3,'Description',NULL,1,3);
INSERT OR IGNORE INTO "WORK_POSITION" VALUES (2,3,'Description',NULL,0,6);
INSERT OR IGNORE INTO "WORK_POSITION" VALUES (3,4,'Description',NULL,0,9);
INSERT OR IGNORE INTO "WORK_POSITION" VALUES (4,3,'Description',NULL,1,3);
INSERT OR IGNORE INTO "WORK_POSITION" VALUES (5,3,'Description',NULL,0,9);
INSERT OR IGNORE INTO "CANDIDATE" VALUES (1,'M','1957-07-16',3160,'Risus. Ave',6894,NULL);
INSERT OR IGNORE INTO "CANDIDATE" VALUES (2,'M','1971-05-01',250658,'Mauris Avenue',786,NULL);
INSERT OR IGNORE INTO "CANDIDATE" VALUES (3,'F','1966-12-04',50201,'Ap Tellus Ave',415,NULL);
INSERT OR IGNORE INTO "CANDIDATE" VALUES (4,'F','1998-05-06',3744,'Et Avenue',9058,NULL);
INSERT OR IGNORE INTO "CANDIDATE" VALUES (5,'F','1983-09-21',7293,'Mi Ave',854,NULL);
INSERT OR IGNORE INTO "CANDIDATE" VALUES (6,'F','1981-02-22',74363,'Vestibulum Av.',2107,NULL);
INSERT OR IGNORE INTO "CANDIDATE" VALUES (7,'M','1954-06-20',18756,'Tellus Avenue',155,NULL);
INSERT OR IGNORE INTO "CANDIDATE" VALUES (8,'F','1997-11-18',23232,'Curabitur Road',360,NULL);
INSERT OR IGNORE INTO "CANDIDATE" VALUES (9,'M','1990-02-23',43131,'Ac Rd.',460,NULL);
INSERT OR IGNORE INTO "CANDIDATE" VALUES (10,'M','1963-04-30',74107,'Sagittis Av.',572,NULL);
INSERT OR IGNORE INTO "CANDIDATE" VALUES (11,'M','1967-08-19',23177,'Sagittis St.',5223,NULL);
INSERT OR IGNORE INTO "CANDIDATE" VALUES (12,'F','1999-07-23',40243,'Malesuada Rd.',3884,NULL);
INSERT OR IGNORE INTO "CANDIDATE" VALUES (13,'M','1968-11-21','9246 MK','Dui St.',215,NULL);
INSERT OR IGNORE INTO "CANDIDATE" VALUES (14,'F','1995-02-10',64804,'Turpis Avenue',148,NULL);
INSERT OR IGNORE INTO "CANDIDATE" VALUES (15,'M','1987-10-25',40307,'Id Road',448,NULL);
INSERT OR IGNORE INTO "CANDIDATE" VALUES (16,'M','1979-01-08',51132,'Vel Rd.',143,NULL);
INSERT OR IGNORE INTO "CANDIDATE" VALUES (17,'F','1954-08-09','RR4 8MY','Aliquam Rd.',362,NULL);
INSERT OR IGNORE INTO "CANDIDATE" VALUES (18,'M','1975-06-29',41455,'Semper Street',9663,NULL);
INSERT OR IGNORE INTO "CANDIDATE" VALUES (19,'M','1967-08-20',18714,'Semper Rd.',5517,NULL);
INSERT OR IGNORE INTO "CANDIDATE" VALUES (20,'M','1961-08-20',8714,'Massa Av.',9585,NULL);
INSERT OR IGNORE INTO "REQUEST" VALUES (1,'2021-39-24',1186,'PART',1,'17',1,24);
INSERT OR IGNORE INTO "REQUEST" VALUES (2,'2021-08-10',1272,'PART',1,'1',2,23);
INSERT OR IGNORE INTO "REQUEST" VALUES (3,'2021-17-18',1900,'PART',1,'6',3,23);
INSERT OR IGNORE INTO "REQUEST" VALUES (4,'2021-21-17',1454,'PART',1,'9',4,22);
INSERT OR IGNORE INTO "REQUEST" VALUES (5,'2021-19-07',1387,'PART',0,'1',5,23);
INSERT OR IGNORE INTO "REQUEST" VALUES (6,'2021-49-27',1669,'PART',1,'18',6,24);
INSERT OR IGNORE INTO "REQUEST" VALUES (7,'2021-41-18',1930,'PART',0,'0',7,24);
INSERT OR IGNORE INTO "REQUEST" VALUES (8,'2021-13-05',1359,'FULL',1,'3',8,22);
INSERT OR IGNORE INTO "REQUEST" VALUES (9,'2021-45-15',1449,'FULL',1,'16',9,24);
INSERT OR IGNORE INTO "REQUEST" VALUES (10,'2021-20-23',1368,'PART',0,'0',10,23);
INSERT OR IGNORE INTO "REQUEST" VALUES (11,'2021-43-27',1906,'FULL',1,'0',11,22);
INSERT OR IGNORE INTO "REQUEST" VALUES (12,'2021-31-22',1840,'PART',0,'8',12,22);
INSERT OR IGNORE INTO "REQUEST" VALUES (13,'2021-54-23',1156,'PART',0,'4',13,23);
INSERT OR IGNORE INTO "REQUEST" VALUES (14,'2021-25-16',1603,'FULL',1,'12',14,22);
INSERT OR IGNORE INTO "REQUEST" VALUES (15,'2021-25-21',1939,'FULL',1,'13',15,24);
INSERT OR IGNORE INTO "REQUEST" VALUES (16,'2021-38-17',1967,'FULL',0,'2',16,24);
INSERT OR IGNORE INTO "REQUEST" VALUES (17,'2021-24-10',1530,'PART',0,'16',17,22);
INSERT OR IGNORE INTO "REQUEST" VALUES (18,'2021-14-27',1584,'FULL',1,'4',18,22);
INSERT OR IGNORE INTO "REQUEST" VALUES (19,'2021-27-22',1054,'FULL',0,'18',19,24);
INSERT OR IGNORE INTO "REQUEST" VALUES (20,'2021-09-06',1505,'FULL',0,'19',20,24);
INSERT OR IGNORE INTO "UNIVERSITY" VALUES (1,'Electrical & Computer Engineering','UOP');
INSERT OR IGNORE INTO "UNIVERSITY" VALUES (2,'CEID','UOP');
INSERT OR IGNORE INTO "UNIVERSITY" VALUES (3,'Department of Informatics & Telecommunications','UOA');
INSERT OR IGNORE INTO "CANDIDATE_SPECIALTY" VALUES (1,4);
INSERT OR IGNORE INTO "CANDIDATE_SPECIALTY" VALUES (2,4);
INSERT OR IGNORE INTO "CANDIDATE_SPECIALTY" VALUES (3,2);
INSERT OR IGNORE INTO "CANDIDATE_SPECIALTY" VALUES (4,5);
INSERT OR IGNORE INTO "CANDIDATE_SPECIALTY" VALUES (5,3);
INSERT OR IGNORE INTO "CANDIDATE_SPECIALTY" VALUES (6,3);
INSERT OR IGNORE INTO "CANDIDATE_SPECIALTY" VALUES (7,3);
INSERT OR IGNORE INTO "CANDIDATE_SPECIALTY" VALUES (8,2);
INSERT OR IGNORE INTO "CANDIDATE_SPECIALTY" VALUES (9,1);
INSERT OR IGNORE INTO "CANDIDATE_SPECIALTY" VALUES (10,5);
INSERT OR IGNORE INTO "CANDIDATE_SPECIALTY" VALUES (11,5);
INSERT OR IGNORE INTO "CANDIDATE_SPECIALTY" VALUES (12,5);
INSERT OR IGNORE INTO "CANDIDATE_SPECIALTY" VALUES (13,3);
INSERT OR IGNORE INTO "CANDIDATE_SPECIALTY" VALUES (14,5);
INSERT OR IGNORE INTO "CANDIDATE_SPECIALTY" VALUES (15,2);
INSERT OR IGNORE INTO "CANDIDATE_SPECIALTY" VALUES (16,4);
INSERT OR IGNORE INTO "CANDIDATE_SPECIALTY" VALUES (17,4);
INSERT OR IGNORE INTO "CANDIDATE_SPECIALTY" VALUES (18,1);
INSERT OR IGNORE INTO "CANDIDATE_SPECIALTY" VALUES (19,4);
INSERT OR IGNORE INTO "CANDIDATE_SPECIALTY" VALUES (20,3);
INSERT OR IGNORE INTO "CANDIDATE_COMPANY" VALUES ('2015-10-28','2017-06-01',NULL,'Programmer','description',5,3);
INSERT OR IGNORE INTO "CANDIDATE_COMPANY" VALUES ('2014-12-22','2017-10-18',NULL,'Programmer','description',3,15);
INSERT OR IGNORE INTO "CANDIDATE_COMPANY" VALUES ('2016-12-25','2021-06-23',NULL,'Programmer','description',3,17);
INSERT OR IGNORE INTO "CANDIDATE_COMPANY" VALUES ('2016-04-25','2020-01-10',NULL,'Programmer','description',1,17);
INSERT OR IGNORE INTO "CANDIDATE_COMPANY" VALUES ('2016-06-25','2019-01-08',NULL,'Programmer','description',5,19);
INSERT OR IGNORE INTO "CANDIDATE_COMPANY" VALUES ('2016-05-20','2021-05-25',NULL,'Programmer','description',3,11);
INSERT OR IGNORE INTO "CANDIDATE_COMPANY" VALUES ('2015-07-03','2020-04-12',NULL,'Programmer','description',3,15);
INSERT OR IGNORE INTO "SPECIALTY" VALUES (1,'Scientific Applications');
INSERT OR IGNORE INTO "SPECIALTY" VALUES (2,'Business Applications');
INSERT OR IGNORE INTO "SPECIALTY" VALUES (3,'Artificial Intelligence');
INSERT OR IGNORE INTO "SPECIALTY" VALUES (4,'Systems Programming');
INSERT OR IGNORE INTO "SPECIALTY" VALUES (5,'Web Software');
INSERT OR IGNORE INTO "EMPLOYER_WORK_POSITION" VALUES (1,26,'2022-31-28',2502);
INSERT OR IGNORE INTO "EMPLOYER_WORK_POSITION" VALUES (2,28,'2022-23-31',2799);
INSERT OR IGNORE INTO "EMPLOYER_WORK_POSITION" VALUES (3,26,'2022-12-21',1048);
INSERT OR IGNORE INTO "EMPLOYER_WORK_POSITION" VALUES (4,27,'2022-40-06',2844);
INSERT OR IGNORE INTO "EMPLOYER_WORK_POSITION" VALUES (5,30,'2022-07-14',1067);
INSERT OR IGNORE INTO "OFFICE_REPRESENTATIVE" VALUES (21);
INSERT OR IGNORE INTO "OFFICE_REPRESENTATIVE" VALUES (22);
INSERT OR IGNORE INTO "OFFICE_REPRESENTATIVE" VALUES (23);
INSERT OR IGNORE INTO "OFFICE_REPRESENTATIVE" VALUES (24);
INSERT OR IGNORE INTO "OFFICE_REPRESENTATIVE" VALUES (25);
INSERT OR IGNORE INTO "COMPANY" VALUES (1,'Mauris Nulla Corporation','Halesowen',2006);
INSERT OR IGNORE INTO "COMPANY" VALUES (2,'Nec Ligula Inc.','Bandırma',2006);
INSERT OR IGNORE INTO "COMPANY" VALUES (3,'Morbi Accumsan Consulting','Dunkerque',2007);
INSERT OR IGNORE INTO "COMPANY" VALUES (4,'Donec Tempor Industries','Murray Bridge',1991);
INSERT OR IGNORE INTO "COMPANY" VALUES (5,'In At PC','Tomaszów Mazowiecki',2011);
INSERT OR IGNORE INTO "EMPLOYER" VALUES (26,1);
INSERT OR IGNORE INTO "EMPLOYER" VALUES (27,3);
INSERT OR IGNORE INTO "EMPLOYER" VALUES (28,4);
INSERT OR IGNORE INTO "EMPLOYER" VALUES (29,5);
INSERT OR IGNORE INTO "EMPLOYER" VALUES (30,2);
INSERT OR IGNORE INTO "EMPLOYER_OFFICE_REPRESENTATIVE" VALUES (26,21);
INSERT OR IGNORE INTO "EMPLOYER_OFFICE_REPRESENTATIVE" VALUES (27,24);
INSERT OR IGNORE INTO "EMPLOYER_OFFICE_REPRESENTATIVE" VALUES (26,21);
INSERT OR IGNORE INTO "EMPLOYER_OFFICE_REPRESENTATIVE" VALUES (27,22);
INSERT OR IGNORE INTO "EMPLOYER_OFFICE_REPRESENTATIVE" VALUES (26,22);
INSERT OR IGNORE INTO "EMPLOYER_OFFICE_REPRESENTATIVE" VALUES (29,23);
INSERT OR IGNORE INTO "EMPLOYER_OFFICE_REPRESENTATIVE" VALUES (26,21);
INSERT OR IGNORE INTO "EMPLOYER_OFFICE_REPRESENTATIVE" VALUES (28,21);
INSERT OR IGNORE INTO "EMPLOYER_OFFICE_REPRESENTATIVE" VALUES (27,23);
INSERT OR IGNORE INTO "EMPLOYER_OFFICE_REPRESENTATIVE" VALUES (27,22);
INSERT OR IGNORE INTO "EMPLOYER_OFFICE_REPRESENTATIVE" VALUES (26,25);
INSERT OR IGNORE INTO "EMPLOYER_OFFICE_REPRESENTATIVE" VALUES (27,24);
INSERT OR IGNORE INTO "EMPLOYER_OFFICE_REPRESENTATIVE" VALUES (26,22);
INSERT OR IGNORE INTO "EMPLOYER_OFFICE_REPRESENTATIVE" VALUES (28,24);
INSERT OR IGNORE INTO "EMPLOYER_OFFICE_REPRESENTATIVE" VALUES (26,22);
INSERT OR IGNORE INTO "EMPLOYER_OFFICE_REPRESENTATIVE" VALUES (30,22);
INSERT OR IGNORE INTO "EMPLOYER_OFFICE_REPRESENTATIVE" VALUES (28,23);
INSERT OR IGNORE INTO "EMPLOYER_OFFICE_REPRESENTATIVE" VALUES (30,25);
INSERT OR IGNORE INTO "EMPLOYER_OFFICE_REPRESENTATIVE" VALUES (28,22);
INSERT OR IGNORE INTO "EMPLOYER_OFFICE_REPRESENTATIVE" VALUES (30,25);
INSERT OR IGNORE INTO "COMPANY_OFFICE_REPRESENTATIVE" VALUES (1,21,383,'2017-58-14');
INSERT OR IGNORE INTO "COMPANY_OFFICE_REPRESENTATIVE" VALUES (3,24,975,'2014-40-24');
INSERT OR IGNORE INTO "COMPANY_OFFICE_REPRESENTATIVE" VALUES (1,21,993,'2010-46-10');
INSERT OR IGNORE INTO "COMPANY_OFFICE_REPRESENTATIVE" VALUES (3,22,250,'2016-04-31');
INSERT OR IGNORE INTO "COMPANY_OFFICE_REPRESENTATIVE" VALUES (1,22,242,'2015-53-07');
INSERT OR IGNORE INTO "COMPANY_OFFICE_REPRESENTATIVE" VALUES (5,23,390,'2012-58-01');
INSERT OR IGNORE INTO "COMPANY_OFFICE_REPRESENTATIVE" VALUES (1,21,236,'2015-04-16');
INSERT OR IGNORE INTO "COMPANY_OFFICE_REPRESENTATIVE" VALUES (4,21,281,'2014-42-17');
INSERT OR IGNORE INTO "COMPANY_OFFICE_REPRESENTATIVE" VALUES (3,23,624,'2014-17-05');
INSERT OR IGNORE INTO "COMPANY_OFFICE_REPRESENTATIVE" VALUES (3,22,637,'2013-32-27');
INSERT OR IGNORE INTO "COMPANY_OFFICE_REPRESENTATIVE" VALUES (1,25,320,'2013-36-15');
INSERT OR IGNORE INTO "COMPANY_OFFICE_REPRESENTATIVE" VALUES (3,24,549,'2018-02-12');
INSERT OR IGNORE INTO "COMPANY_OFFICE_REPRESENTATIVE" VALUES (1,22,859,'2020-30-06');
INSERT OR IGNORE INTO "COMPANY_OFFICE_REPRESENTATIVE" VALUES (4,24,843,'2010-11-02');
INSERT OR IGNORE INTO "COMPANY_OFFICE_REPRESENTATIVE" VALUES (1,22,226,'2012-52-02');
INSERT OR IGNORE INTO "COMPANY_OFFICE_REPRESENTATIVE" VALUES (2,22,838,'2010-14-05');
INSERT OR IGNORE INTO "COMPANY_OFFICE_REPRESENTATIVE" VALUES (4,23,200,'2012-56-21');
INSERT OR IGNORE INTO "COMPANY_OFFICE_REPRESENTATIVE" VALUES (2,25,773,'2018-16-13');
INSERT OR IGNORE INTO "COMPANY_OFFICE_REPRESENTATIVE" VALUES (4,22,187,'2013-56-09');
INSERT OR IGNORE INTO "COMPANY_OFFICE_REPRESENTATIVE" VALUES (2,25,417,'2014-53-30');
INSERT OR IGNORE INTO "USERS" VALUES (1,'Noah','Murray','6941828080','duis.risus@yahoo.org');
INSERT OR IGNORE INTO "USERS" VALUES (2,'Heather','Mccormick','6978751217','leo.vivamus@aol.edu');
INSERT OR IGNORE INTO "USERS" VALUES (3,'Blake','Odom','6900618816','urna.ut@outlook.com');
INSERT OR IGNORE INTO "USERS" VALUES (4,'Denise','Pickett','6931893704','tempus.non@hotmail.couk');
INSERT OR IGNORE INTO "USERS" VALUES (5,'Leilani','Salazar','6990814367','non.hendrerit.id@yahoo.net');
INSERT OR IGNORE INTO "USERS" VALUES (6,'Dara','Adkins','6977884528','ligula.elit.pretium@outlook.ca');
INSERT OR IGNORE INTO "USERS" VALUES (7,'Cade','Cooper','6938282610','arcu@outlook.couk');
INSERT OR IGNORE INTO "USERS" VALUES (8,'Hadley','Sanchez','6966563888','enim@outlook.couk');
INSERT OR IGNORE INTO "USERS" VALUES (9,'Brooke','Barker','6951856546','mauris.elit@google.org');
INSERT OR IGNORE INTO "USERS" VALUES (10,'Xandra','Head','6953536037','magnis.dis.parturient@icloud.edu');
INSERT OR IGNORE INTO "USERS" VALUES (11,'Keith','Boyd','6902402425','pede.praesent.eu@google.ca');
INSERT OR IGNORE INTO "USERS" VALUES (12,'Drew','Fuentes','6925643165','mattis.semper@outlook.edu');
INSERT OR IGNORE INTO "USERS" VALUES (13,'Rylee','Greer','6935266780','in@outlook.org');
INSERT OR IGNORE INTO "USERS" VALUES (14,'Kibo','Justice','6961262976','quis@google.com');
INSERT OR IGNORE INTO "USERS" VALUES (15,'Gemma','Cross','6916812023','non.hendrerit.id@google.net');
INSERT OR IGNORE INTO "USERS" VALUES (16,'Echo','Lynch','6918101275','nunc.quis@google.couk');
INSERT OR IGNORE INTO "USERS" VALUES (17,'Kasimir','Silva','6916631854','vivamus@icloud.edu');
INSERT OR IGNORE INTO "USERS" VALUES (18,'Raven','Hensley','6908578323','vivamus.nisi.mauris@protonmail.couk');
INSERT OR IGNORE INTO "USERS" VALUES (19,'Nicholas','Mcgowan','6933822482','ornare.lectus@aol.edu');
INSERT OR IGNORE INTO "USERS" VALUES (20,'Ginger','Hughes','6934264365','risus.duis@aol.com');
INSERT OR IGNORE INTO "USERS" VALUES (21,'Cameron','Perez','6929511541','sed@hotmail.com');
INSERT OR IGNORE INTO "USERS" VALUES (22,'Barry','Shaw','6934648105','egestas@protonmail.edu');
INSERT OR IGNORE INTO "USERS" VALUES (23,'Addison','Branch','6946118871','tincidunt.neque.vitae@aol.couk');
INSERT OR IGNORE INTO "USERS" VALUES (24,'Leila','Massey','6948077847','sit.amet@google.org');
INSERT OR IGNORE INTO "USERS" VALUES (25,'Hector','Kennedy','6954371026','duis.mi@protonmail.ca');
INSERT OR IGNORE INTO "USERS" VALUES (26,'Lila','Maxwell','6979143146','aliquet.diam@yahoo.couk');
INSERT OR IGNORE INTO "USERS" VALUES (27,'Felicia','Frank','6971516774','non.justo@google.org');
INSERT OR IGNORE INTO "USERS" VALUES (28,'Ingrid','Herrera','6936232416','dui.nec@outlook.org');
INSERT OR IGNORE INTO "USERS" VALUES (29,'Iliana','Bright','6942140554','in.at@aol.couk');
INSERT OR IGNORE INTO "USERS" VALUES (30,'Megan','Fletcher','6991666112','sed@protonmail.com');
INSERT OR IGNORE INTO "LOGIN" VALUES ('duis.risus@yahoo.org','Shad','KPY41WJC8ID',1);
INSERT OR IGNORE INTO "LOGIN" VALUES ('leo.vivamus@aol.edu','Harriet','LYX49EPC7NE',2);
INSERT OR IGNORE INTO "LOGIN" VALUES ('urna.ut@outlook.com','Brock','WIN94WLS4VU',3);
INSERT OR IGNORE INTO "LOGIN" VALUES ('tempus.non@hotmail.couk','Uma','WDP15LGC8ME',4);
INSERT OR IGNORE INTO "LOGIN" VALUES ('non.hendrerit.id@yahoo.net','Deanna','JGF48BHP2XS',5);
INSERT OR IGNORE INTO "LOGIN" VALUES ('ligula.elit.pretium@outlook.ca','Yeo','TSR37FUR7LW',6);
INSERT OR IGNORE INTO "LOGIN" VALUES ('arcu@outlook.couk','Grant','UFL60MKR5DL',7);
INSERT OR IGNORE INTO "LOGIN" VALUES ('enim@outlook.couk','Ferdinand','EJR42GPT3SQ',8);
INSERT OR IGNORE INTO "LOGIN" VALUES ('mauris.elit@google.org','Peter','KRF82KAN7PS',9);
INSERT OR IGNORE INTO "LOGIN" VALUES ('magnis.dis.parturient@icloud.edu','Dane','LLB02LPX4VL',10);
INSERT OR IGNORE INTO "LOGIN" VALUES ('pede.praesent.eu@google.ca','Simon','EEU78UFC4JK',11);
INSERT OR IGNORE INTO "LOGIN" VALUES ('mattis.semper@outlook.edu','Justine','QDU31VPL5TQ',12);
INSERT OR IGNORE INTO "LOGIN" VALUES ('in@outlook.org','Cole','JUM46OWQ1UI',13);
INSERT OR IGNORE INTO "LOGIN" VALUES ('quis@google.com','Maggy','MYY58UAC2KK',14);
INSERT OR IGNORE INTO "LOGIN" VALUES ('non.hendrerit.id@google.net','Ralph','IHQ61PBV9JR',15);
INSERT OR IGNORE INTO "LOGIN" VALUES ('nunc.quis@google.couk','Zeph','QKJ88TIY4QG',16);
INSERT OR IGNORE INTO "LOGIN" VALUES ('vivamus@icloud.edu','Brett','MMF83WLR2NF',17);
INSERT OR IGNORE INTO "LOGIN" VALUES ('vivamus.nisi.mauris@protonmail.couk','Jocelyn','AQS16NRS1WD',18);
INSERT OR IGNORE INTO "LOGIN" VALUES ('ornare.lectus@aol.edu','Ora','JBO18FFJ0KE',19);
INSERT OR IGNORE INTO "LOGIN" VALUES ('risus.duis@aol.com','MacKensie','YMU85DZB5MF',20);
INSERT OR IGNORE INTO "LOGIN" VALUES ('sed@hotmail.com','Megan','UIE15UUL9DB',21);
INSERT OR IGNORE INTO "LOGIN" VALUES ('egestas@protonmail.edu','Maryam','LYS28WJK5JQ',22);
INSERT OR IGNORE INTO "LOGIN" VALUES ('tincidunt.neque.vitae@aol.couk','Lawrence','YHX93OYI5VD',23);
INSERT OR IGNORE INTO "LOGIN" VALUES ('sit.amet@google.org','Darius','OKB47WUN6UX',24);
INSERT OR IGNORE INTO "LOGIN" VALUES ('duis.mi@protonmail.ca','Adrian','PTO05IZU3PI',25);
INSERT OR IGNORE INTO "LOGIN" VALUES ('aliquet.diam@yahoo.couk','Ori','CKW42ABD2UN',26);
INSERT OR IGNORE INTO "LOGIN" VALUES ('non.justo@google.org','Drake','LAG12JMN7NX',27);
INSERT OR IGNORE INTO "LOGIN" VALUES ('dui.nec@outlook.org','Kane','QYH57IMY2DI',28);
INSERT OR IGNORE INTO "LOGIN" VALUES ('in.at@aol.couk','Donna','FHN19LDL1JU',29);
INSERT OR IGNORE INTO "LOGIN" VALUES ('sed@protonmail.com','Sarah','WKQ72SJI8FH',30);
COMMIT;
